agenzia,genere
TowerData SpA,Country
TowerData SpA,Pop
TowerData SpA,Metal
TowerData SpA,Blues
TowerData SpA,Indie
TowerData SpA,R&B
Open Data Nation SpA,Metal
Open Data Nation SpA,Jazz
Onvia SpA,Techno
Onvia SpA,Hip Hop
Onvia SpA,Classica
Onvia SpA,Elettronica
Onvia SpA,Metal
Onvia SpA,Jazz
TrueCar SpA,Rock
TrueCar SpA,Metal
TrueCar SpA,Folk
TrueCar SpA,Blues
TrueCar SpA,Indie
TrueCar SpA,Classica
iFactor Consulting SpA,Indie
iFactor Consulting SpA,Reggae
iFactor Consulting SpA,Elettronica
iFactor Consulting SpA,Jazz
iFactor Consulting SpA,Folk
48 Factoring Inc. SpA,Rock
48 Factoring Inc. SpA,Elettronica
48 Factoring Inc. SpA,Hip Hop
48 Factoring Inc. SpA,R&B
48 Factoring Inc. SpA,Country
Cloudmade SpA,Classica
Cloudmade SpA,Folk
Cloudmade SpA,Rock
Cloudmade SpA,Indie
TransparaGov SpA,Metal
TransparaGov SpA,Punk
DataLogix SpA,Classica
DataLogix SpA,Pop
FarmLogs SpA,Reggae
FarmLogs SpA,Folk
Climate Corporation SpA,Folk
Climate Corporation SpA,Classica
Climate Corporation SpA,Rock
Climate Corporation SpA,Hip Hop
Climate Corporation SpA,Jazz
CAN Capital SpA,Jazz
CAN Capital SpA,Punk
CAN Capital SpA,Pop
CAN Capital SpA,Folk
CAN Capital SpA,Reggae
Redfin SpA,Classica
Redfin SpA,Jazz
Redfin SpA,Country
Redfin SpA,Rock
Redfin SpA,Hip Hop
NuCivic SpA,Pop
NuCivic SpA,Punk
NuCivic SpA,Metal
NuCivic SpA,Indie
iMedicare SpA,Folk
iMedicare SpA,Punk
iMedicare SpA,Country
